score,caption,label
1,It's been difficult to find a jury of your peers.,funny
1,My next guests I have known my entire life.,funny
0,I don't envy the executioner on this one.,unfunny
0,Can I still call you Ishmael?,unfunny
1,Self-defense is going to be a tough sell.,funny
1,We sue at dawn.,funny
1,They were all in it together.,funny
1,I'm afraid they'll give you life.,funny
1,It didn’t really bother me until they discovered fire.,funny
1,"...oh, and there's a note from your mother.",funny
1,"So instead of spraying, you waited and they just killed each other?",funny
0,Pray the bag is full!,unfunny
0,How do we tell them we're not playing charades?,unfunny
0,I am afraid you are looking at life without parole...,unfunny
1,The sperm bank class action lawsuit clients are here.,funny
1,She’ll appreciate you’re wearing protection.,funny
0,Let see if I've got this right - you want the whiskey in a glass and the seltzer down your pants?,unfunny
1,"I don't know either. I just heard this guy saying ""Beam me up a Scotty,"" and then this great whooshing sound, and now here I am.",funny
1,...so I told the genie I wanted a hoard of the most ruthless and feared men from throughout history...,funny
0,You just don't understand the gravity of this situation!,unfunny
0,"Another clever social statement, Mortimer. The bucks run free while the doe is left to shepherd the fawn across the road.",unfunny
0,"I'll bet, thousands of years from now they'll think we did this.",unfunny
1,I clearly recall choosing hell over high water.,funny
0,The secret is to keep your back straight.,unfunny
0,Face it. You'll never get over me.,unfunny
1,"Sorry Puff, but the magic is gone.",funny
1,Wait. Let me get this straight. The humans kidnapped you from your family and then did what to your genitals?,funny
0,I love you too but he'll slay you if he catches us!,unfunny
0,"Well, it's a little irritating  but they'll be gone long before you or me.",unfunny
0,do you want that Phd or do you want to be a lab rat your whole life?,unfunny
1,"That’s right. Dog-light years are seven times longer, too.",funny
0,I like it- Now I don't have to pick him up at the station.,unfunny
1,He went right from crawling to stand-up!,funny
1,'What's more impressive is he's already filed the patent.',funny
0,This is actually my third one. It's so easy to lose them!,unfunny
0,I said you were looking a bit seedy.,unfunny
1,...a little unusual..the judge just asked for a little more time...,funny
0,I met him on the web.,unfunny
0,Everybody ready for some Teriyaki Teradactyl?,unfunny
0,I think I'm going to return that lamp tomorrow. It's not tying the room together like I'd hoped.,unfunny
1,"Ok! Now, we just need peanut butter.",funny
1,"I said beam up Scotty, not Spotty!",funny
0,I think you're taking this toxic relationship thing a bit too far.,unfunny
0,I’m actually a very stable genus,unfunny
0,"I can help you, but it's only good for 90 days or 3000 miles, whichever comes first.",unfunny
1,There really is a Dog!,funny
1,"To be honest, finding out that you're all gay is a bit of a relief.",funny
1,Our research indicates that this is the highest life form on the planet.,funny
0,I'm on line early for the snow shoveling exhibit,unfunny
0,"And now, an ode to my ex-wife.",unfunny
1,"I didn't know what you were serving, so I brought white.",funny
1,I dreamt last night that some day judges might just require a small plastic bracelet,funny
0,"We're high, but not that high, are we?",unfunny
0,"You are going to be OK, but the first responders ate your house.",unfunny
1,Must you always take the opposing side of every case?,funny
1,Then one day you wake up and you have ten thousand children and a mortgage that's under water.,funny
0,See? They are taking all of our jobs. We need to make the Stone Age Great Again.,unfunny
1,The coroner said it occurred sometime between 360 million years ago and 4am.,funny
1,"Table for two, by the window. Is there a problem?",funny
1,You said you were in the mood for a little Italian.,funny
1,Ask if they deliver.,funny
0,This can’t be right.,unfunny
1,Not now--I'm in the middle of a big case.,funny
0,Have you tried spreading it on the ground?,unfunny
1,"Without the scythe, they got nothing.",funny
0,What? You were expecting Barbara Eden?,unfunny
1,"Remember all the times I ran into the wall chasing that red dot? Who's laughing now, Gary?",funny
0,Excellent execution!,unfunny
1,"""And the best, they work for birdseed !'",funny
1,"Whatcha looking at? I'm just a dog. Ok, so I have a few fleas.",funny
1,"We're pretentious, not ostentatious.",funny
0,How did you know this was my first century?,unfunny
0,It appears the market has shifted.,unfunny
1,"Then I get my dinner around 5 PM, relatively speaking.",funny
0,"You're ashore, already Michael, you're ashore.",unfunny
1,"My doctor said if you don’t get rid of them, they evolve into something much worse.",funny
0,"""Baking chicken with herbs for the warden does not count as 'thyme served' "".",unfunny
1,Our welder comes in on Wednesdays if you’re interested in complimentary alterations.,funny
0,"Kids, stay in the thimble.",unfunny
1,My left or your left?,funny
1,Dinner's on ME.,funny
0,"CAT: ""MAN DO!""",unfunny
1,Finding a jury of your peers was hell.,funny
0,"Rapunzel, let down your expectations.",unfunny
1,A back massage and then dinner. What's not to like?,funny
1,"This one is a common species, a rap artist, if I'm not mistaken.",funny
1,They must have made a fortune from the wheel.,funny
0,Hold On! This is when it usually reverses direction.,unfunny
0,This whole work life balance thing is getting out of hand.,unfunny
1,Our initial findings were wrong. There is intelligent life on this planet.,funny
0,What? Did you think every royal caterpillar emerges as a butterfly!,unfunny
0,It’s a lot to digest.,unfunny
0,The hard part is knowing when I've reached the top.,unfunny
1,"We may have lost the battle, but we'll win the appeal.",funny
0,I thought we were done with realism.,unfunny
1,It's not the end of the world if he misses.,funny
0,I'm pretty sure you were the one who said a Starbucks would rob the neighborhood of its authenticity.,unfunny
1,"And this, I’m proudest of: a list of all the names the President has called me.",funny
0,I've been on hold so long I gotta change my order to solid foods.,unfunny
0,Lunch should be here shortly. I ordered sliders.,unfunny
1,Dinner's on ME.,funny
0,Fake Gnus,unfunny
0,"It says here, ""solitary man looking at art"".",unfunny
1,'She says she needs room to breathe...what does that even mean?',funny
0,"How I loathe coming to game night, they always act like they're above us",unfunny
0,So last year I just decided to settle down here in Wichita,unfunny
1,A perfect apparatus for human domination!,funny
0,"Check your texts! I can’t just say, ‘Do you wanna go for a walk?’ out loud or they’ll all come!",unfunny
0,I'm working towards a life-work balance.,unfunny
0,Is this the Baton Death March?,unfunny
0,If you only had a heart.,unfunny
0,"Nope, I haven't seen it.",unfunny
0,We finally found where the rattle was coming from,unfunny
1,We may have a problem in the copy room.,funny
1,You just killed your chance for an acquittal.,funny
0,Remind me again why we use a plank?,unfunny
0,I feel a Carpenters song coming on.,unfunny
0,"Oh, you're looking for Karl. He works in corporate and eats lots of trans fats.",unfunny
1,See? Now they ALL want scarves.,funny
0,Did I take the Laptop out?,unfunny
0,Did you order a chaser after that last maguerita?,unfunny
1,I think he is trying to tell us something.,funny
1,What is it that you don't understand about habeas corpus?,funny
0,It's okay now. I've turned the news off.,unfunny
1,You're being sentenced to life.,funny
1,Mission accomplished. We will report that this planet's inhabitants are friendly and playful.,funny
0,"This isn't what I had in mind when I told you to "" relax """,unfunny
1,Dinner’s on me tonight.,funny
0,They say it tastes just like chicken.  Whatever that is.,unfunny
1,You better give me the short version.,funny
1,"I have no idea, but it was the only thing TrumpCare would pay for.",funny
0,"No, my mother isn't over-protective. Why do you ask?""",unfunny
0,"Yes, sir, you're dressed to kill.",unfunny
1,I'll order. You pick up.,funny
1,The diversity training seminar looks like it's wrapping up.,funny
0,$8 lattes?! Now THIS is piracy!,unfunny
0,"Thanks, Frank, but I think you're gonna need that more than I do.",unfunny
1,You better be right about the pen being mightier than the sword.,funny
1,Did you see the rock he gave her.,funny
1,Stop it. They'll just keep bringing in a new judge.,funny
1,Any news of Gérard Depardieu?,funny
0,You want the meaning of life? Can you hum a few bars?,unfunny
0,"As part of my cruelty-free knight services, I don't so much ""slay"" dragons as I ""relocate"" them to their native habitats.",unfunny
1,"So, I take it the salmon is wild-caught?",funny
0,"So, who wants to level the playing field?",unfunny
0,I told you never to call me at this number.,unfunny
0,"NEAR the water, I said NEAR the water . . .",unfunny
0,"Henry, did you order dates on the pizza again?",unfunny
1,"When I said abduct the dog, I meant President Trump...",funny
1,It was a very hostile takeover.,funny
0,We met on an Amazon cruise.,unfunny
1,"Okay, describe him again.",funny
1,The answer to number seven? I can’t even turn this thing on.,funny
0,Yes Sir...this is where we put all the lawyers.,unfunny
1,I heard today I'm getting canned.,funny
1,"We're going with the ""it was their time"" defense.",funny
0,"I knew the HBO series would diverge from the books, but this seems like a bit of a stretch.",unfunny
1,"Ice didn't work, so I'm trying acupuncture.",funny
0,"It's not 'against the rules,' but it's frowned upon.",unfunny
1,A back massage and then dinner. What's not to like?,funny
1,"Remember, she was already dead when you arrived.",funny
0,This year is all about feudalism,unfunny
1,Do that again and I'll put the rubber bands back on.,funny
0,"You know, back in the 90’s I could’ve brought the sauce and the toppings on the plane, too.",unfunny
0,Is that from Amazon?,unfunny
0,"Don't worry, the media circus will still be around",unfunny
0,I say “night ride” and your first thought is “knight ride”?,unfunny
0,Have at him. I gave up men for lent.,unfunny
0,This definitely looks like it was an inside job.,unfunny
1,"Back to your shithole planet, dog.",funny
0,Why go all the way to the office when people can walk all over me right here.,unfunny
1,What makes you think the Russians were involved?,funny
0,"...and then for my third wish I said, 'I want women climbing all over me!'",unfunny
0,Just don't stand there - mingle!,unfunny
1,The last place I saw a couch like this also charged by the hour,funny
0,"So I guess this really is last call, huh?",unfunny
0,Odd to see a Hebrew National in Egypt.,unfunny
1,Whaddya mean you only serve fish on Friday,funny
0,It's called an emoji. It's going to be huge.,unfunny
1,"Just so I'm clear, your alibi is you were killing someone else at the time of the murder?",funny
1,I know it's demeaning Johnson but if they ask- you're the good boy.,funny
1,The field will soon be littered with habeas corpuses.,funny
0,"I believe those are my leaves""",unfunny
0,"All white, with knit scarves and toques, is NOT diversity.",unfunny
0,Are you peeing too?,unfunny
0,"I can validate your existence, but not your parking.",unfunny
1,"Fresh? Sir, I assure you these were walking on land this morning.",funny
0,When do I get to meet the rest of your furniture?,unfunny
0,After I shred this unwanted junk-mail watch in amazement as it magically reappears in my mailbox about every 3 days!,unfunny
0,Hey - cool down!,unfunny
1,To go?,funny
1,They wanted more accurate data on fly-over states.,funny
1,"You thought it was just a big frisbee, didn't you boy, didn't you?",funny
1,Just don't laugh when they talk about the death penalty.,funny
1,They seem to have more leadership qualities than the other species.,funny
1,"Don't worry, Ken's in stocks. You'll be working in bonds.",funny
1,It seems his name is ‘sit.’,funny
0,And we still have to pay $149 a month for it.,unfunny
1,He insisted on a contract no longer than one page.,funny
1,"No, I'm afraid we can't plead inevitability.",funny
0,Just leave me his wallet.,unfunny
0,"If they're here to suck the life out of us, they're too late.",unfunny
0,"That's it? ""Sit on it?""",unfunny
1,Its nice that they got us new computers. But these are neither web nor wing friendly.,funny
0,I'll give him a 10 for execution.,unfunny
1,Cave arrest isn't as comfy as I thought it would be,funny
0,"My surgeon, Dr. Pepper, may have a connection to the beverage industry.",unfunny
0,You shouldn't feel guilty every time someone falls. Just the funny times.,unfunny
1,"When you said on the phone "" I'm Claude""  , I assumed it was your name.",funny
1,"That's correct, sir. The door to accounting was left open and now they're loose.",funny
1,Be alert. There's a revolving door up ahead.,funny
0,I've heard the pizza here is famous.,unfunny
1,They’re known for their unconditional love.,funny
1,Wow. Aliens really do perform the jobs most Americans won't do.,funny
1,"You just had to say ""Run it by the lawyers"", didn't you?",funny
1,I know he's extinct. Try telling him that.,funny
1,These earth creatures are the most lovable and loyal species we've found in the universe.,funny
1,"I'm just saying, I can see why the 'brief'case is more popular.",funny
1,Dinner’s on me tonight.,funny
1,"We've been monitoring Twitter so there'll be no, ""Take me to your leader.""",funny
1,"He agrees to a rectal probe, but only if we use our noses.",funny
0,This song is dedicated to my mother-in-law....,unfunny
1,"Go ahead, it's just one small step.",funny
1,He appears to be from the planet K-9.,funny
1,"I KNOW when something is watered down, pal.",funny
0,"I agree,it is an excellent ice breaker.",unfunny
0,You look more like your mother,unfunny
0,I told him I wanted a big O.,unfunny
1,"We find it to be highly intelligent. It has domesticated a two legged creature to walk with it to clean up after it, and to bring it food.",funny
1,Sometimes a dipstick is just a dipstick.,funny
1,Watch what happens when I sneeze.,funny
0,What are you? Nuts or something?,unfunny
0,Let what be?,unfunny
1,I don't know how to tell him it's not his.,funny
0,I had a castle and treasure chest before my life went down the toilet.,unfunny
0,This is working much better than that therapy whale.,unfunny
0,How long can halftime last?,unfunny
0,I'm letting the Patent Office tell him.,unfunny
1,"Look, it's right here - ""cheese sold separately""",funny
1,It's inevitable. You're gonna have to pay taxes.,funny
1,"Yes, yes, I mythed you too.",funny
0,"Celebrity chef, OK. But celebrity pizza waiter crosses some line.",unfunny
1,She's lucky. All the men I date are gatherers.,funny
1,It prints out his tweets. All the new uniforms have them.,funny
0,The company's reorganizing under a puppet regime.,unfunny
1,I don't think self-defense is the way to go.,funny
0,She uprooted her family for this job.,unfunny
0,Don't get sushi at Costco.,unfunny
1,It's the Heineken maneuver.,funny
1,Don't worry. We were able to dig up a couple of witnesses.,funny
0,...and a side of sunflower seeds.,unfunny
0,You're a good friend Gary. No one else bothered to show up for my recital.,unfunny
1,"Sorry, but you never specified the gender of the 72 virgins.",funny
0,That was cool the first few times...now it's just irritating.,unfunny
1,My blood alcohol was dangerously low.,funny
0,You're still a big pussy.,unfunny
0,I'm tired of hearing you tell everyone who comes by that I'm on the throne.,unfunny
1,Looks like we might be facing a row vs wade  decision,funny
1,"Now that you've opened up, let's talk about what's eating you.",funny
0,I could tolerate the mutiny if it weren’t for the sarcasm.,unfunny
1,The experiment was successful; all the ducks are in a row.,funny
0,Just don’t make eye contact. Spring is only a few months away.,unfunny
1,It’s off the rack.  The guy on the rack doesn’t need it anymore.,funny
0,Harold! Get your shoes off the couch!,unfunny
0,Fake world,unfunny
1,Let's pick up the pace. They're billing by the hour.,funny
1,I don't mind autumn so much; it's the fall I hate.,funny
1,Lunch is on me.,funny
1,I only arrested the one on the left. But when we interrogated her she really opened up.,funny
0,Let’s twist again like we did last summer.,unfunny
0,"Phew, always a relief when they pass by without carving initials.",unfunny
1,So much for the suggestion box being anonymous,funny
0,It was a bait and switch scam.,unfunny
1,The judge has disappeared. Anything you want to tell me?,funny
1,Lunch is on me.,funny
0,I'n prescribing a muscle relaxant for both of you.,unfunny
1,The truth is you came from a box of free kittens.,funny
0,"First the annoying jazz hands, and now this!",unfunny
1,You're right; it's a trap.,funny
1,It's a textbook case--depending on which state your textbooks are from.,funny
1,"Just for fun, let's send it back.",funny
0,Can anyone bring something to the table?,unfunny
1,I thought winning tacos for life would be a little different.,funny
1,Stay calm. I think it just wants to be squeezed.,funny
1,"I can't explain this, maybe we will find a reasonable explanation in next week's New Yorker.",funny
1,I couldn't afford a fitbit.,funny
0,Not bad for street art.,unfunny
1,They met at the opera,funny
1,"No, I won't say ""The defense rests in peace.""",funny
0,"Wow, that's super nice, but I think we're still going to blame everything on you.",unfunny
1,Some of my patients find the loofah less threatening.,funny
1,So you weren't identified in the lineup?,funny
0,"So, Frank tells me you studied hematology?",unfunny
1,I think you misunderstood 'ironman competition'.,funny
1,"I don't think this ""pet"" thing will ever catch on.",funny
1,"C’mon, live a little.",funny
1,I was hoping for more of an emotional attachment.,funny
0,"That's right, I run Who's Who.",unfunny
1,"Left on Pennsylvania Avenue, big white house on the right. Can't miss it. Please hurry.",funny
1,Sorry I'm late. I hit every traffic light coming home.,funny
1,"No, sir, this is Fenway. You're looking for Jurassic Park.",funny
0,So it will be fiction. Tell Herman to make it a whale.,unfunny
1,I have a hunch I'm in the placebo group.,funny
1,"Fresh? Sir, I assure you these were walking on land this morning.",funny
1,"I have to ask, do you feel that you could be a danger to others?",funny
0,"Much better, thank you. My old job was herding cats.",unfunny
1,"Sure it hurts, but that’s fashion.",funny
0,He ate Simpson's Viagra.Hurry- or you'll never get him in the elevator.,unfunny
1,We meant get a job AND move out.,funny
0,We can't continue to let things slide.,unfunny
1,‘Sharply worded’ would describe it.,funny
0,Spank me if you’ve heard this one before ...,unfunny
0,I never knew they were ironic.,unfunny
1,Apparently they're experts in hostile takeovers.,funny
0,Really? Three quarters of the earth isn't enough?,unfunny
1,"Explain how your species has enslaved the humans, and we shall provide a treat.",funny
0,At this point all we have is a theory.,unfunny
1,"My research on tail movements suggests he has to “go,” but I haven’t been able to determine what that means...",funny
0,"As you get older, it's natural that you have a harder time holding a charge.",unfunny
1,"When I said I wanted some concessions, this is not what I had in mind.",funny
0,I told them they'd be hearing from my lawyers.,unfunny
0,Thats the last time I sleep in a cheap cave.,unfunny
1,What do you mean you're afraid of the death penalty?,funny
0,...but now imagine it adorned with the blood of your enemies.,unfunny
0,Nobody's walked away with one yet.,unfunny
0,Perhaps we've been setting the bar too low.,unfunny
1,"Hmmmmm, we didn’t count on his thinking above the box.",funny
0,It's really helped me find balance.,unfunny
0,The judge would like to plea bargain with you.,unfunny
0,Looks like lunch is here....,unfunny
0,You're not the only one who has to pee.,unfunny
0,"I'm Adam, your Lift driver.",unfunny
0,"So I say to the genie, how 'bout a nice romantic dinner on an Italian piazza?",unfunny
0,Why not? If anybody can be President. . .,unfunny
0,"If I just had a thumb, I wouldn't have to do all this.",unfunny
1,Thanks for checking on the salmon. How's the lamb?,funny
0,Can’t you see we’re in the same boat?,unfunny
1,Yeah? Well I'm also a fish out of Scotch.,funny
0,Are you seriously not even a little impressed?,unfunny
0,"It's pretty much boilerplate, but if you have questions I'll be in the brown suitcase under Phil's desk.",unfunny
0,It sucks. But I've lost twelve pounds.,unfunny
1,Mint?,funny
0,"We have a lovely Merlot, served in a brown paper bag.",unfunny
0,"Now that I’ve discovered fire, you’re going to have to learn to wait.",unfunny
1,I’m sorry. I’ve been burned too many times.,funny
1,"So, this is fine but you're scared of the vacuum cleaner?",funny
0,They don't allow sleeping on park benches anymore.,unfunny
1,This time they'll know we mean business.,funny
1,"What is boy? A fire down by the old Jetson's house?""",funny
1,We gotta get the short one to open up.,funny
0,The wooden horse was more convincing.,unfunny
1,Do you guys remember the code for the alarm?,funny
0,Anything you'd like as long as it's toast.,unfunny
1,Broga meets on the 2nd floor.,funny
1,"He says he has a wide-ranging interest in medieval and renaissance literature, but all he gets on earth is ""go fetch.""",funny
1,Remember when you wished we had a hundred just like him?,funny
0,Ooooo! CAVE artist! Well la-de-dah!,unfunny
0,Alright guys. Get ready for Dad's world-famous mammoth leg.,unfunny
1,The rats wouldn't perform without a mouse.,funny
0,"I’m quitting the rat race, Barry",unfunny
0,"Normally, I wouldn't send a knight out on a bike like this.",unfunny
1,I'm considered a flight risk.,funny
0,"...has to be metaphor for something,"" Lizzy thought to herself",unfunny
0,"He just kept asking, ""Who's a good girl?"" I told him he's barking up the wrong tree.",unfunny
1,"Mobster, Larry. The invitation said to dress like a mobster.",funny
0,These welcome videos take an eternity.,unfunny
0,That backpack would never fit in the overhead.,unfunny
0,It’s guaranteed to survive lightning strikes even if you don’t.,unfunny
1,"People have been cheating you for years, you're due compensation.",funny
1,Wanna share a cab?,funny
1,He looks too intelligent to account for what's going on down there.,funny
1,"I keep telling you, ""It's what I do,"" is not a viable defense.",funny
1,"If we lose this case, where does that leave me?",funny
1,Even you can't dodge taxes.,funny
1,You and your surfaris.,funny
0,We’d invite you to join us but there isn’t mushroom in here.,unfunny
0,"What time should I expect you for re-entry, Sir",unfunny
0,''I'm just glad he's done with mastering fire.'',unfunny
0,The irony is...I was 'thinking Outside the box',unfunny
1,It's a merger case.,funny
0,The mailman goes down at noon. Pass it on.,unfunny
0,It's the first of a series.,unfunny
0,I think you are exactly the person we are looking for.,unfunny
0,Lucas and April silently consider broaching the topic of global climate change for the first time.,unfunny
1,Gore was right. This is inconvenient.,funny
1,"Him? He's a pwoblem duck, stwessed out and weady to quack.",funny
0,The ex got just about everything... Although she did leave me the title to the Prius.,unfunny
1,"In retrospect, I should have been more specific when I told the genie I wanted to be in a rock group and have women climbing all over me.",funny
0,We had no choice. The dog ate John's photo ID.,unfunny
1,Your mother and I don't think working from home is a good idea.,funny
1,"My methods are Jungian. Sometimes a bar of soap *is* just a bar of soap, you know...",funny
0,"Couldn’t resist cooking the books, could you?",unfunny
0,I prefer to fly by the seat of my pants.,unfunny
1,It followed me home. Can I keep him?,funny
0,Worst part is my wife is still in bed,unfunny
1,"'The good news is that, so far, no one can positively identify you"".",funny
0,My kid picked them up at school and now the whole family has them.,unfunny
0,"It wasn't supposed to end this way, Jonah.",unfunny
1,"The four legs, long ears, sensitive nose and temperament are all improvements over the last Earthling we examined.",funny
1,"Amazing, even their pets wear jewelry!",funny
1,"...look, I know that cough was an accident, but they were my parents..",funny
0,That's an ugly word. I'd rather we refer to Larry as 'undocumented.',unfunny
1,"As a previous partner, I thought I’d let you know.",funny
1,He's very clingy.,funny
0,"The aliens discovered that taking the form of this fuzzy master breed got them food, shelter, free rein to study the humans with nothing asked in return. And they could bite them every now and then.",unfunny
1,Did you bring your vaccination records with you?,funny
0,"Despite appearances to the contrary, Jill was convinced the man peeping on her was not a well balanced individual.",unfunny
0,He had helicopter parents.,unfunny
1,It’s like a good wine. You let it breathe before consuming it.,funny
1,It looked like you convinced the older jurors.,funny
1,Saying it was his appointed day is not going to get you off,funny
1,"It's called a ""pet.""",funny
1,It's the jury of your peers that worries me.,funny
1,It’s just so hard not to get wrapped up in the news.,funny
0,"Sorry. From a distance, it looked just like a female presenting.",unfunny
1,"It's probably unethical for me to say this, but I think we have a better shot if you take out jurors four and seven.",funny
0,Not B-a-a-a-a-d!,unfunny
1,What the hell else would I drink like?,funny
0,"I go coach, they go cargo. Not a lot of difference.",unfunny
0,He only chirps when the guy backs up.,unfunny
0,Are you sure I should get right back on? I was thinking more about an ambulance.,unfunny
0,There'd damn well better be a fortune in beans to count.,unfunny
1,"On second thought, bring the name tags.",funny
0,I saw the Trump 2020 sticker and just went medieval on him.,unfunny
1,Tell me about your childhood very quickly.,funny
1,I told my ex I'll take her back if she drops some weight.,funny
1,"I got her to open up, but now she's beside herself.",funny
0,"Excuse me, do you know the way to San Jose?",unfunny
0,This is the same model which keeps hell from freezing over.,unfunny
0,Don't worry.  I think they'll be extinct soon.,unfunny
0,And thanks to that whole 'dog years' thing they're making seven times as much!,unfunny
0,A good workman never complains of his tools.,unfunny
0,Get off my lawn.,unfunny
1,I'm just waiting for the next big idea to hit me...,funny
1,I'm pretty sure it's a final notice,funny
1,So you are saying if we offer belly rubs and squeaky toys we could take over the world?,funny
1,"Sure, a hung jury would be great for us. Why do you ask?",funny
0,I love it when their hair turns colors.,unfunny
1,Who'd have thought they'd get you for tax evasion.,funny
1,Go and check if it's still raining. I'll wait here.,funny
0,How could we possibly board somebody who hasn't gone through security?,unfunny
0,We're watching ewe tube.,unfunny
0,"I know the government's gotta prevent terrorism and all, but sometimes I think they go just a little too... Oh! My mind just went blank.",unfunny
0,"We're on the local, so well-done is your only option.",unfunny
0,Can you speed it up? I've got a 10:00 maple tapping to get to.,unfunny
0,"No, I do not have a pre-existing condition.",unfunny
1,"Don't get too close, I have sapiens.",funny
1,And these are the exchange students from the University of Oregon.,funny
0,"Yes, he is creepy. On the other hand, he keeps the pigeons off of my balcony.",unfunny
1,You all remember Phil — we used to hang out under his bed.,funny
0,"No, I'm not seeing him anymore, but he's still seeing a lot of me.",unfunny
0,Do you know how long you've had this clicking sound in your chest?,unfunny
1,And only last week he was the press secretary.,funny
1,That rebel in the third row? Let’s just eat him.,funny
0,He's testing us.”,unfunny
0,I think it's safe to say something is inflamed.,unfunny
0,I thought we agreed on wall paper.,unfunny
1,The prosecution wants life.,funny
0,The glass ceiling is gone. Now if they'd only do something about the invisible fence.,unfunny
1,"When I snap my fingers, you will go home, eat breadcrumbs and crap all over the park.",funny
0,Believe me when I tell you that your opinion matters just as much as mine.,unfunny
1,Maybe we should try thinking inside the box.,funny
0,"I'm so sorry, this isn't supposed to happen unless you say ""malpractice.""",unfunny
0,I thought you marked this as your territory.,unfunny
1,They are digging up a jury of your peers.,funny
0,It bespeaks a conformist sensibility and intentional deception—I’ll take it.,unfunny
0,Time's up.,unfunny
0,And scientists think an asteroid wiped out the dinosaurs.,unfunny
0,Coffee.,unfunny
0,That bagel is really jammed. Next wish?,unfunny
1,I recommend the pigeon. It's locally sourced.,funny
1,"They seem friendly enough, but I was expecting opposable thumbs.",funny
1,"If I had more dough, I'd be in first class.",funny
0,It’s called. “Window”,unfunny
0,I need another bottle. How about a Merlot this time?,unfunny
1,No- I decide which jurors to eliminate,funny
1,"Hold on, the Senate Committee on Women's Health is getting out.",funny
1,"You better hope that was rain I just felt.""",funny
1,"The planet BigBones approaches, Lord Barker.",funny
0,Our new voice recognition software confirms that they all have what it takes to crack the darkest secrets on the web.,unfunny
1,Deciduous? When were you going to tell me,funny
0,These things tend to dragon.,unfunny
1,The doctor says they’ll be gone in a few million years.,funny
0,This next song is pretty much the same as the last one.,unfunny
1,I thought you were a cat person.,funny
0,We shouldn't have named him Donald,unfunny
1,"Oddly, this one got the placebo.",funny
0,And I thought Burning Man couldn't get any weirder.,unfunny
1,"Next time, when they ask you if you want any toppings, you’d better be more specific than 'Yeah, a couple.'",funny
1,I hope you don't mind. My couch is brand new.,funny
1,And they say life can't exist in a vacuum.,funny
1,I'll try to get you the death penalty.,funny
0,You should have seen it before I learned humility.,unfunny
0,I didn't have the dough to fly first class.,unfunny
0,They also serve who only lie and wait.,unfunny
0,So what makes you think you were profiled?,unfunny
0,How many? I don’t know. Every time I try to count them I fall asleep.,unfunny
1,Give me a minute while I slip into something a little less flammable.,funny
0,I went window shopping,unfunny
0,"If you prefer, we have a large-print version.",unfunny
1,It’s the swimming portion that I am most concerned with.,funny
0,"Are you sure this isn't a pyramid scheme?""",unfunny
1,It was a very hostile takeover.,funny
0,I'm afraid you're not processing what I'm saying,unfunny
0,I just wanna Make Beach Balls Great Again,unfunny
1,"It's Mr. Wilson, sir. I think he's gone viral.",funny
1,"He offered us a franchise, but I think it’s a pyramid scheme.",funny
0,How did the Ranger say we could tell if it’s product placement or an actual bear again?,unfunny
0,Did you wash your hands?,unfunny
0,Who's hungry for Tricerachops?,unfunny
0,I love take your parent to school day.,unfunny
0,"Framed, I tell you. We were framed.",unfunny
0,"Next, he'll tell you he invented the internet.",unfunny
1,This is a good point to stop the meeting; I see that lunch has arrived.,funny
0,All I know is he broke the copier two weeks in a row.,unfunny
1,A little redundant don't you think? You have all your ducks in a row and online.,funny
1,"Suddenly,  Jeff realized he should have posted his resume on other sites besides monster.com",funny
1,Act normal.,funny
1,These should help with the hallucinations.,funny
1,As a matter of fact we'd be delighted to take you to our leader.,funny
0,"These designer cannabis strains are really getting out of hand; I mean, there IS such a thing as, ""too high!""",unfunny
1,I defend politicians; this will be easy.,funny
1,Are you sure the boss is cool with this? It took him six days to make.,funny
0,"Flashback 1949: Little Donnie Trump fulfills his boast to bring a ""huge, huge"" beachball to his neighborhood pool.",unfunny
0,"One of these days, we're just going to forget that we're dentists.",unfunny
0,They’re probably wondering who made us too...,unfunny
0,Rainy days are the worst.,unfunny
0,Will this be to go.,unfunny
1,I can’t believe you wore shorts. EVERYONE was staring.,funny
0,They pay me $20 an hour to ride ahead of them in the bike lane.,unfunny
0,"Have you considered taking this show on the road, one street over, last house on the left?",unfunny
0,"The wheel is fine, but would it kill somebody to invent some stairs?",unfunny
1,"The food is ok, but the media coverage is excellent.",funny
1,Thank goodness there's at least SOME intelligent life down there.,funny
0,"...but that's enough about me, so, you're an accountant?",unfunny
0,I've found my work - life balance.,unfunny
1,I'm only in it for the bread.,funny
0,"Well, what do you know? Irony IS dead.",unfunny
1,It's not so much what she said as how she said it.,funny
0,So now you DO want to hear my screenplay idea?,unfunny
0,"Well, at least you told the truth about being a good mixer.",unfunny
0,Have you seen my yellow hat?,unfunny
1,Going up?,funny
0,"Well, I looked back to see if you looked back",unfunny
0,Everything you see here is local.,unfunny
1,We ran a few tests and all the toothpicks came back clean,funny
0,Share your pad? I'm touched.,unfunny
0,Please tell me it's Halloween.,unfunny
0,I'll prescribe an anti-inflammatory.,unfunny
0,"Well, what did he expect when he opened his door into oncoming traffic?!",unfunny
0,I prefer women with a little meat on their bones.,unfunny
1,"Armstrong? No, though I do get mistaken for Lance a lot.",funny
1,Mental note. Don’t say “bite me”to a literalsaurus.,funny
1,I suspect some people will deny this ever happened.,funny
0,"Our interview process is pretty simple, actually.",unfunny
1,I'll plead you down from grim reaping to simple reaping.,funny
0,He lost a bet with the Siamese.,unfunny
0,I had enough. We should buy a real pacifier for our baby pet.,unfunny
1,Did you remember to take him out before we left?,funny
0,"I'm telling you, we're not gonna get anything else out of her.",unfunny
1,"Publicly, we're still saying there are no side effects.",funny
0,"Crab cakes, crab cakes ... 
Hear them whispering? ""... Set us free, set us free ...""",unfunny
1,I had the tailor over for lunch.,funny
1,Now remember your mission: go infiltrate a human family and report back.,funny
1,It's amazing to think he started out in the lobby.,funny
1,I take this myself.  There is one side effect I should mention.,funny
1,"No, my wife served the papers personally.",funny
1,Of course it looks alien to you. You've never used one.,funny
1,"Don't worry, I will take it to the grave.",funny
1,I have no concrete plans for the rest of the day.,funny
1,Sometimes those electromagnetic fences just don't work.,funny
0,"I once sat in that very seat, Johnson. Look where I am now.",unfunny
1,"Sir, I believe the announcement was actually 'prepare for lunch.'",funny
0,Tell me more about this burning sensation.,unfunny
1,Now I know why she calls him Hun.,funny
0,Did you order extra paparazzi again?,unfunny
1,I'd better give it a little longer. It's a really tough case.,funny
1,"In our opinion, you won't make it past the holidays.",funny
0,It looked so easy on YouTube.,unfunny
0,"No, officer, not jesting, jousting.",unfunny
1,Someone came to school with humans. Now we’ve all got them.,funny
1,Don't ask me. I'm just the middle man.,funny
1,Do you ever want to wring your own neck?,funny
1,"Well, sure you can come live on our planet. We value kind, decent, honest life. Doesn’t everyone?",funny
0,"So, Six for Happy Meals?",unfunny
1,Get over yourself... it was ONE mouse!,funny
0,How much of the brownie did you say to eat?,unfunny
0,"I suggested the dog park, but noooooo!",unfunny
1,He’s telling his friends it’s not deep. So be patient.,funny
1,Did you order the pizza with extra paparazzi?,funny
1,"Remember, you were only doing your job.",funny
1,"Breeglot dooot phlom skiegor, Rex?",funny
1,Weren't there three of you?,funny
0,Will you tell Mrs. Hugo in 3b to come get her husband.,unfunny
1,They all seem anxious to cut a deal.,funny
1,Let’s just give him the damn cheese.,funny
0,"From the ashes, your bill will magically appear.",unfunny
1,Is this your first offense?,funny
0,For that one I needed a hunting license AND a poetic license.,unfunny
0,"I'm going to call it ""Pie in the Sky.""",unfunny
1,You should see the couch they have at the urologist's office.,funny
1,It was a very hostile takeover.,funny
0,Can we turn the thermostat back up now?,unfunny
0,"Nothing to worry about, just a routine taste test.",unfunny
0,We just blew this case wide open.,unfunny
1,Are you absolutely certain you don't have any more skeletons in your closet?,funny
0,The walk on water job was taken.,unfunny
1,"You know we could've had eggs for life, right?",funny
0,Let's wait. He usually only steps out for one brief shining moment.,unfunny
1,It'll keep you Jung.,funny
1,And who is going to walk him?,funny
1,"Hey Jim, on second thought, we're going to need those name tags.",funny
1,It's hard to believe we'll go extinct before these idiots.,funny
0,I can't go anywhere without a snack,unfunny
0,How would you know what you look like?,unfunny
1,He says he has business to do on earth.,funny
1,"Well, if you must know, I'm in the middle of a one knight stand""",funny
1,"Well, on the other hand, there is no fee unless we win.",funny
0,I'm taking him out for lunch.,unfunny
0,Dude! It's just the acid! We're on your front porch! That's an Ice Cream Truck!!,unfunny
0,"Would that be for here, or to go?",unfunny
1,This might be the reason it always autocorrects to 'ducking',funny
0,Imprinting? I have a different word for it!,unfunny
1,I'll be honest with you. It's your breath.,funny
0,And all you have to do to make it up there is get ten other people to join you in selling hotdogs.,unfunny
0,He also wants crackers and fig jam...not an unreasonable request.,unfunny
0,"The AirBnB listing said, ""Loft in the city, completely furnished, great park view, owners away south for the winter"".",unfunny
0,"Is that a no, or are you still processing?",unfunny
0,"Umm, does he realize it's only 3 feet deep?",unfunny
1,I have a feeling they are going to treat us like dirt.,funny
0,I can't carry on with him anymore.,unfunny
1,"Oh sure, when a MAN does it, suddenly it’s such a big deal!",funny
0,How many contract extensions have you had?,unfunny
1,"The pen is mightier, but that looks awesome.",funny
0,"No, Alexa. I said I need to get some 
S-L-E-E-P!",unfunny
0,"When you get on the stand, try looking a little less grim.",unfunny
0,"Hi, I'm Matt!",unfunny
0,Understand that you are in only the initial stage of the interview process.,unfunny
1,"Well technically, you ran the red light.",funny
0,"If this doesn't make you go, I don't know what will.",unfunny
1,My security system has a few glitches.,funny
0,"Sir, are you aware that your left turn signal has been on through Maine, New Hampshire and Vermont?",unfunny
0,"As you can see, my opponent is completely off his axis!",unfunny
0,Because I got tired of talking about the elephant in the room.,unfunny
1,He’s telling his friends it’s not deep. So be patient.,funny
1,"Relax, without the scythe they don't have a case.",funny
1,"Yes, I see the train but I think we can beat it.",funny
0,"I think he could be the one. He is dutiful, has a cute dog, and comes with no baggage.",unfunny
1,It’s their leader.,funny
1,I am pleased to announce that Dopey will be leaving us to pursue a career as White House Chief of Staff.,funny
0,Should I be happy or terrified that we made it through security?,unfunny
1,Let's see him check his phone during a meeting now.,funny
0,I grabbed us take-out.,unfunny
0,Let's see if the hedge fund managers are biting.,unfunny
1,Your priors are going to be a problem.,funny
1,"What’s that, Sport? Timmy’s fallen down a black hole?!",funny
0,"Isn't that...?"" ""Why, indeed it is - Mary, Queen of Scott Towels!",unfunny
1,It's a park. He's on a leash. What's it to you?,funny
1,Let's stay in tonight. It's a zoo out there.,funny
1,"Just the worm, hold the Tequila.",funny
0,Anne Boleyn's daughter. Why do you ask?,unfunny
0,"Best views in the village, but their paleo dinners suck",unfunny
1,Let's let him keep your ball.,funny
0,What do you say now? I AM the last man on earth.,unfunny
0,71% of my opponent's surface is covered with water. He is practically all wet. He is 4.54 billion years old! He takes 24 hours to rotate on his axis! Let's not even mention the gaping hole in his ozone layer. vote for me.,unfunny
1,The operation went well—you’re one tough cookie.,funny
1,"Why yes, I did accidentally back over our snowman. Why do you ask?",funny
1,You can't imagine what it's like to have someone stare at your chest and never look you in the eye.,funny
1,"I just said ""come"" and he came.",funny
1,"Bark once for 'I'm really a dog"" and twice for ""It's a transporter screwup.",funny
0,I think he likes me!,unfunny
1,"Bear with me, I'm Sirius I have to get to the Dog Star to bury my bone.",funny
0,"Well, you don't look like your profile picture either.",unfunny
1,The leftover salmon. Into my dish. You will remember nothing.,funny
0,It's easier to pack them than to pack for them.,unfunny
1,Dr. Smith here will explain what went wrong with the clinical trial.,funny
1,"Look, honey! He skipped crawling and went straight to stand-up!",funny
1,Duck?! For lunch?,funny
1,"Sir, the President's Council on Women's Health has arrived.",funny
0,This is the last Airbnb I let you book.,unfunny
1,Is the salmon fresh?,funny
0,Play your cards right and one day you too could be the kings hammock tester.,unfunny
0,I have come to the conclusion that cement is harder than asphalt.,unfunny
1,I can’t shake the feeling that they all fit together somehow.,funny
1,I'll never let go.,funny
1,"Daddy, can we eat... I mean keep him?",funny
0,You're very self-driven,unfunny
0,He had beans for dinner,unfunny
0,You should have thought of that before you tried it on.,unfunny
1,These earthlings are more intelligent than I thought they’d be.,funny
0,I told you this place wasn’t desserted.,unfunny
0,"I don't have a problem, honey. I have a prescription.",unfunny
0,"OK, so I lied. We ARE deciduous - on my Mother's side.",unfunny
1,I brought dinner.,funny
0,Our next presenter has tremendous gravitas.,unfunny
1,"Most of them have candy, this ones filled with nuts.",funny
1,You pinch me one more time and your going to find yourself in hot water.,funny
1,I parked in a toe-away zone.,funny
0,You're early.,unfunny
0,Slide rule? Never heard of it...,unfunny
0,I have to admit I'm disappointed. You looked like a Vitamix in your profile picture.,unfunny
0,It was a classic case of chain migration.,unfunny
1,"I didn't know what you were serving, so I brought white.",funny
1,Congratulations. You're now the branch manager.,funny
1,"We’re pretty sure it was an inside inside inside inside inside job, detective.",funny
1,…because no one is paying any attention to our northern border.,funny
0,The word ye boys be seekin' is 'elan',unfunny
0,"We prefer the term ""guest worker"".",unfunny
1,"Tap...tap, tap. What does the code book say?",funny
1,You're the one who told him he had to find a job or move out.,funny
0,What wine do you suppose goes with medium-well corporate tax liability assessment paperwork?,unfunny
0,We don’t probe any more. You fill out a short questionnaire when you leave.,unfunny
0,"No offence, but you look nothing like your picture.",unfunny
1,I thought I asked you to wear a tie...,funny
0,"Well, we've come to the end of our session. Do you need your parking validated?",unfunny
0,He skipped orientation.,unfunny
0,"It was at that moment,Ted realized he had put his boxing gloves on instead of his tuxedo pants. Again.",unfunny
0,I used to wonder around aimlessly until she came along.,unfunny
0,I think he’s stealing buttons.,unfunny
0,'Tis but a scratch.,unfunny
1,This is the last time I sign up for a research experiment sponsored by Ikea.,funny
1,"Should I check, “exceeded expectations?”",funny
1,We're trying to teach them the hunt and peck method.,funny
1,Inform Commander Laika she has a visitor.,funny
0,"He shouldn’t be surprised, I told him I had serious baggage from my last relationship.",unfunny
1,"Pillaging lasts a day, these guys will screw them for years!",funny
1,Nobody avoids taxes.,funny
0,How long have you been on the no-fly list?,unfunny
1,Maybe one day she’ll realize I’m the one that got away.,funny
1,"Back to work birds, and enough with the wisequacks!",funny
0,We are from the Planet Oreck,unfunny
1,We finished in first and third place.,funny
0,"Bite his leg off, will ya? My dorsal fin's going to sleep.",unfunny
0,And they said nobody really owns a cat.,unfunny
1,Of course I am happy to see you! I just need a little time to decompose myself!,funny
1,Must....return....new....puppy...,funny
1,Those beings I see you leading around must be an inferior species?,funny
1,I brought dinner.,funny
1,I'm sure it works. I was involved in the original research.,funny
0,"Yeah, I guess heaven's not for everyone.",unfunny
0,He won't be so smug when the sabre-toothed tiger returns from vacation.,unfunny
1,"I've led a good life, but now it's time to meet my raker.",funny
1,My wife got a matching bracelet.,funny
1,He's very attached.,funny
1,I’m surprised. I really thought they would fly through this training.,funny
1,To boldly fetch where no dog has fetched before.,funny
1,Only if I think about it.,funny
0,Turn left. Open door. Put steak on floor. Go back to bed.,unfunny
0,Looks like a recipe for disaster.,unfunny
0,$2.75 to go to the kitchen?? No way. I'll call an Uber.,unfunny
0,You guarantee it's wild caught?,unfunny
1,We've tried every language in the galaxy and we're no closer to knowing who's a good boy.,funny
0,I think that that is all the time we have left for today.,unfunny
0,You should have seen the drink this was in.,unfunny
0,"Hi, I'm Doug, Corporate's new non-confrontational conflict resolution dummy: you're fired.",unfunny
1,We're only allowed one carry on item.,funny
0,No one knows the password.,unfunny
1,"Whatever you do, don't take the stock option.",funny
0,"“If you stop calling me, “a little man”, I will stop calling you, “a big pussy”.",unfunny
1,I'll wait for you on the car.,funny
0,The chef will be here any minute.,unfunny
0,"I see you have fresh caught salmon, subject to availability. How long ago was it caught?",unfunny
1,"Thanks, you've been a great audience, I'll be awake all night.",funny
0,It's very energy efficient and its location is above par.,unfunny
0,He wants to make Hell great again.,unfunny
1,Any priors?,funny
1,We never had this problem with the gatherers.,funny
0,"It's plane pizza, no toppings.",unfunny
0,"You will stay hypnotized until six a.m., then you'll awake fully refreshed. But first, give the salmon in the refrigerator.",unfunny
1,I always knew we'd wind up together.,funny
0,Take it from the top!,unfunny
0,How was your walk Mr. Armstrong?,unfunny
1,What do uou mean MY oral fixation?,funny
0,I think you need to adjust the chemicals.,unfunny
1,Tell Jim to stop messing with the 3D printer.,funny
1,we all seem to have one eye,funny
0,"No, ... Right here in Greenwich, ... at my daughters 8th Birthday Party.",unfunny
1,I'm so sorry. You're facing life.,funny
0,"So sometimes, when two elephants love each other very, very much . . .",unfunny
0,I thought hell would have flames.,unfunny
0,I think we'll be fine as long as we can keep all of our ducks in a row.,unfunny
0,I have a few balls in the air right now,unfunny
